{"assets/talky.png":["assets/talky.png"],"assets/talky2.png":["assets/talky2.png"],"assets/talky_logo.svg":["assets/talky_logo.svg"],"fonts/LeagueSpartan-Black.ttf":["fonts/LeagueSpartan-Black.ttf"],"fonts/LeagueSpartan-Bold.ttf":["fonts/LeagueSpartan-Bold.ttf"],"fonts/LeagueSpartan-ExtraBold.ttf":["fonts/LeagueSpartan-ExtraBold.ttf"],"fonts/LeagueSpartan-ExtraLight.ttf":["fonts/LeagueSpartan-ExtraLight.ttf"],"fonts/LeagueSpartan-Light.ttf":["fonts/LeagueSpartan-Light.ttf"],"fonts/LeagueSpartan-Medium.ttf":["fonts/LeagueSpartan-Medium.ttf"],"fonts/LeagueSpartan-Regular.ttf":["fonts/LeagueSpartan-Regular.ttf"],"fonts/LeagueSpartan-SemiBold.ttf":["fonts/LeagueSpartan-SemiBold.ttf"],"fonts/LeagueSpartan-Thin.ttf":["fonts/LeagueSpartan-Thin.ttf"],"packages/cupertino_icons/assets/CupertinoIcons.ttf":["packages/cupertino_icons/assets/CupertinoIcons.ttf"],"packages/flutter_sound_web/howler/howler.js":["packages/flutter_sound_web/howler/howler.js"],"packages/flutter_sound_web/src/flutter_sound.js":["packages/flutter_sound_web/src/flutter_sound.js"],"packages/flutter_sound_web/src/flutter_sound_player.js":["packages/flutter_sound_web/src/flutter_sound_player.js"],"packages/flutter_sound_web/src/flutter_sound_recorder.js":["packages/flutter_sound_web/src/flutter_sound_recorder.js"]}