[{"family":"MaterialIcons","fonts":[{"asset":"fonts/MaterialIcons-Regular.otf"}]},{"family":"LeagueSpartan","fonts":[{"asset":"fonts/LeagueSpartan-Regular.ttf"},{"weight":100,"asset":"fonts/LeagueSpartan-Thin.ttf"},{"weight":200,"asset":"fonts/LeagueSpartan-ExtraLight.ttf"},{"weight":300,"asset":"fonts/LeagueSpartan-Light.ttf"},{"weight":500,"asset":"fonts/LeagueSpartan-Medium.ttf"},{"weight":600,"asset":"fonts/LeagueSpartan-SemiBold.ttf"},{"weight":700,"asset":"fonts/LeagueSpartan-Bold.ttf"},{"weight":800,"asset":"fonts/LeagueSpartan-ExtraBold.ttf"},{"weight":900,"asset":"fonts/LeagueSpartan-Black.ttf"}]},{"family":"packages/cupertino_icons/CupertinoIcons","fonts":[{"asset":"packages/cupertino_icons/assets/CupertinoIcons.ttf"}]}]